Use [BREAKFAST MARKET]
/*
    Create table Bayiler(
	BayiID int not null primary key,
	BayiAdi nvarchar(20) not null
);

    Create table Markalar(
	MarkaID int not null primary key,
	MarkaAdi nvarchar(20) not null
);

    Create table Urunler(
	UrunID int not null primary key,
	UrunKodu nvarchar(20) not null,
	MarkaID int null,
	Fiyati numeric(8,2) not null
);

   Create Table Satislar(
    SatisID int primary key, 
	SatisTarihi date not null,
	BayiID int not null,
	UrunID int not null,
	SatisAdedi int not null,
	SatisFiyati numeric(8,2) not null
);

*/

/*
Insert into Bayiler values 
(1, 'AMASYA'),
(2, 'GÝRESUN'),
(3, 'ANTALYA'),
(4, 'KIRKLARELÝ'),
(5, 'DENÝZLÝ');
*/

/*
Insert into Markalar values 
(1, 'Pýnar'),
(2, 'Sütaþ'),
(3, 'Tahsildaroðlu'),
(4, 'Ýçim'),
(5, 'Tat'),
(6, 'Polonez'),
(7, 'Namet'),
(8, 'Karper'),
(9, 'Bahçývan'),
(10, 'Yudum');
*/

/*
Insert into Urunler values 
(1, 'Milk', 1,25),
(2, 'Cheese', 2,150),
(3, 'WCheese', 3,89),
(4, 'Yogurt', 4,20),
(5, 'TomatoPaste', 5,36),
(6, 'Sausage', 6,240),
(7, 'Salami', 7,160),
(8, 'Brie', 8,150),
(9, 'Cheddar', 9,250),
(10, 'Oil', 10,30),
(11, 'Ayran', 4,20),
(12, 'Meat', 6,350),
(13, 'Butter', 1,250),
(14, 'Mozarella', 2,200),
(15, 'Goat Milk', 3,70);
*/

/*
Insert into Satislar values 
(2,'2010-01-01', 1, 1,79, 25),
(3,'2010-01-01', 2, 2,82, 150),
(4,'2010-01-01', 1, 3,81, 89),
(5,'2010-01-01', 3, 1,27, 25),
(6,'2010-01-01', 3, 4,18, 20),
(7,'2010-01-01', 4, 5,19, 36),
(8,'2010-01-01', 2, 6,96, 240),
(9,'2010-01-01', 4, 7,28, 160),
(10,'2010-01-01', 1, 5,70, 36),
(11,'2010-01-01', 5, 8,89, 150),
(12,'2010-01-01', 4, 7,26, 160),
(13,'2010-01-01', 3, 8,42, 150),
(14,'2010-01-01', 4, 7,39, 160),
(15,'2010-01-01', 3, 7,42, 160),
(16,'2010-01-02', 5, 2,17, 150),
(17,'2010-01-02', 1, 9,12, 250),
(18,'2010-01-02', 1, 10,53, 20),
(19,'2010-01-02', 1, 5,85, 36),
(20,'2010-01-02', 5, 11,45, 20),
(21,'2010-01-02', 4, 4,31, 20),
(22,'2010-01-02', 5, 12,97, 350),
(23,'2010-01-02', 3, 6,7, 240),
(24,'2010-01-02', 2, 7,3, 160),
(25,'2010-01-02', 5, 13,40, 250),
(26,'2010-01-02', 2, 6,52, 240),
(27,'2010-01-02', 3, 13,57, 250),
(28,'2010-01-02', 5, 9,99, 250),
(29,'2010-01-02', 1, 10,49, 30),
(30,'2010-01-03', 1, 10,80, 30),
(31,'2010-01-03', 5, 10,43, 30),
(32,'2010-01-03', 3, 7,53, 160),
(33,'2010-01-03', 2, 10,67, 30),
(34,'2010-01-03', 4, 13,11, 250),
(35,'2010-01-03', 2, 7,99, 160),
(36,'2010-01-03', 1, 8,52, 150),
(37,'2010-01-03', 4, 11,22, 20),
(38,'2010-01-03', 2, 13,59, 250),
(39,'2010-01-03', 2, 2,12, 150),
(40,'2010-01-03', 3, 4,44, 20),
(41,'2010-01-03', 3, 2,9, 150),
(42,'2010-01-03', 2, 10,19, 30),
(43,'2010-01-03', 3, 10,43, 30),
(44,'2010-01-04', 3, 7,17, 160),
(45,'2010-01-04', 5, 11,98, 20),
(46,'2010-01-04', 1, 2,50, 150),
(47,'2010-01-04', 5, 8,69, 150),
(48,'2010-01-04', 5, 1,64, 25),
(49,'2010-01-04', 5, 3,61, 89),
(50,'2010-01-04', 2, 5,59, 36),
(51,'2010-01-04', 1, 1,54, 25 ),
(52,'2010-01-04', 1, 2,28, 150),
(53,'2010-01-04', 4, 8,57, 20),
(54,'2010-01-04', 1, 3,98, 89),
(55,'2010-01-04', 3, 15,95, 70),
(56,'2010-01-04', 3, 1,53, 25),
(57,'2010-01-04', 5, 8,33, 150),
(58,'2010-01-05', 1, 4,86, 20),
(59,'2010-01-05', 3, 11,41, 20),
(60,'2010-01-05', 4, 11,37, 20),
(61,'2010-01-05', 3, 9,83, 250),
(62,'2010-01-05', 5, 8,9, 150),
(63,'2010-01-05', 3, 9,55, 250),
(64,'2010-01-05', 1, 2,47, 150),
(65,'2010-01-05', 3, 4,75, 20),
(66,'2010-01-05', 3, 12,48, 350),
(67,'2010-01-05', 2, 10,69, 30),
(68,'2010-01-05', 2, 1,12, 25),
(69,'2010-01-05', 5, 5,48, 36),
(70,'2010-01-05', 5, 11,80, 30),
(71,'2010-01-05', 3, 9,67, 250),
(72,'2010-01-06', 4, 6,20, 240),
(73,'2010-01-06', 5, 5,13, 36),
(74,'2010-01-06', 2, 4,35, 20),
(75,'2010-01-06', 1, 3,96, 89),
(76,'2010-01-06', 1, 3,39, 89),
(77,'2010-01-06', 2, 7,9, 160),
(78,'2010-01-06', 1, 15,37, 70),
(79,'2010-01-06', 4, 6,11, 240),
(80,'2010-01-06', 4, 11,36, 20),
(81,'2010-01-06', 3, 6,38, 240),
(82,'2010-01-06', 1, 2,98, 150),
(83,'2010-01-06', 1, 11,82, 20),
(84,'2010-01-06', 3, 2,98, 150),
(85,'2010-01-06', 3, 15,69, 70),
(86,'2010-01-07', 1, 4,75, 20),
(87,'2010-01-07', 5, 10,29, 30),
(88,'2010-01-07', 4, 8,77, 150),
(89,'2010-01-07', 3, 6,2, 240),
(90,'2010-01-07', 4, 15,36, 70),
(91,'2010-01-07', 4, 10,51, 30),
(92,'2010-01-07', 4, 14,89, 200),
(93,'2010-01-07', 1, 4,5, 20),
(94,'2010-01-07', 2, 6,52, 6),
(95,'2010-01-07', 4, 10,38, 30),
(96,'2010-01-07', 1, 7,91, 160),
(97,'2010-01-07', 4, 7,54, 160),
(98,'2010-01-07', 3, 6,42, 240),
(99,'2010-01-07', 5, 2,84, 150),
(100,'2010-01-08', 1, 2,36, 150);
 
 */

 /*
GO
CREATE VIEW SatisBilgileri
AS
SELECT 
S.SatisTarihi,BA.BayiID,BA.BayiAdi,M.MarkaID,M.MarkaAdi, S.SatisID,S.SatisAdedi, S.SatisFiyati
FROM Satislar S
LEFT JOIN Bayiler BA ON S.BayiID = BA.BayiID
LEFT JOIN Urunler U ON U.UrunID = S.UrunID
LEFT JOIN Markalar M ON M.MarkaID = U.MarkaID
*/  

/*
select * from SatisBilgileri


select s.SatisTarihi, s.SatisAdedi, s.SatisFiyati, b.BayiAdi 
from Satislar s 
	LEFT JOIN Bayiler b 
		on s.BayiID = b.BayiID

*/
